<PAMDataset>
  <PAMRasterBand band="1">
    <Metadata>
      <MDI key="COLOR_TABLE_RULE_RGB_0">1.600000e-01 6.919560e+02 255 255 0 0 255 0</MDI>
      <MDI key="COLOR_TABLE_RULE_RGB_1">6.919560e+02 1.383752e+03 0 255 0 0 255 255</MDI>
      <MDI key="COLOR_TABLE_RULE_RGB_2">1.383752e+03 2.075548e+03 0 255 255 0 0 255</MDI>
      <MDI key="COLOR_TABLE_RULE_RGB_3">2.075548e+03 2.767344e+03 0 0 255 255 0 255</MDI>
      <MDI key="COLOR_TABLE_RULE_RGB_4">2.767344e+03 3.459140e+03 255 0 255 255 0 0</MDI>
      <MDI key="COLOR_TABLE_RULES_COUNT">5</MDI>
      <MDI key="STATISTICS_MAXIMUM">3459.1398925781</MDI>
      <MDI key="STATISTICS_MEAN">544.46598765503</MDI>
      <MDI key="STATISTICS_MINIMUM">0.83999997377396</MDI>
      <MDI key="STATISTICS_STDDEV">303.42514460588</MDI>
    </Metadata>
  </PAMRasterBand>
</PAMDataset>
