{
    "L1_METADATA_FILE": {
        "IMAGE_ATTRIBUTES": {
            "GROUND_CONTROL_POINTS_VERIFY": 174, 
            "GROUND_CONTROL_POINTS_VERSION": 4, 
            "EARTH_SUN_DISTANCE": 1.016225, 
            "GEOMETRIC_RMSE_MODEL": 6.792, 
            "CLOUD_COVER": 0.88, 
            "IMAGE_QUALITY_TIRS": 7, 
            "SUN_AZIMUTH": 121.63347523, 
            "GEOMETRIC_RMSE_VERIFY": 3.659, 
            "SUN_ELEVATION": 65.18789453, 
            "TIRS_SSM_POSITION_STATUS": "ESTIMATED", 
            "ROLL_ANGLE": -0.001, 
            "CLOUD_COVER_LAND": 0.87, 
            "GROUND_CONTROL_POINTS_MODEL": 564, 
            "GEOMETRIC_RMSE_MODEL_X": 4.921, 
            "GEOMETRIC_RMSE_MODEL_Y": 4.682, 
            "TIRS_SSM_MODEL": "PRELIMINARY", 
            "IMAGE_QUALITY_OLI": 9
        }, 
        "TIRS_THERMAL_CONSTANTS": {
            "K2_CONSTANT_BAND_10": 1321.0789, 
            "K2_CONSTANT_BAND_11": 1201.1442, 
            "K1_CONSTANT_BAND_10": 774.8853, 
            "K1_CONSTANT_BAND_11": 480.8883
        }, 
        "RADIOMETRIC_RESCALING": {
            "RADIANCE_MULT_BAND_7": 0.00049624, 
            "RADIANCE_MULT_BAND_6": 0.0014723, 
            "RADIANCE_MULT_BAND_5": 0.0059202, 
            "RADIANCE_MULT_BAND_4": 0.0096743, 
            "RADIANCE_MULT_BAND_3": 0.011473, 
            "RADIANCE_MULT_BAND_2": 0.01245, 
            "RADIANCE_MULT_BAND_1": 0.012158, 
            "RADIANCE_MULT_BAND_9": 0.0023137, 
            "RADIANCE_MULT_BAND_8": 0.010949, 
            "RADIANCE_ADD_BAND_9": -11.56871, 
            "RADIANCE_ADD_BAND_8": -54.74317, 
            "RADIANCE_MULT_BAND_11": 0.0003342, 
            "RADIANCE_MULT_BAND_10": 0.0003342, 
            "REFLECTANCE_ADD_BAND_9": -0.1, 
            "REFLECTANCE_ADD_BAND_8": -0.1, 
            "RADIANCE_ADD_BAND_1": -60.79013, 
            "REFLECTANCE_ADD_BAND_6": -0.1, 
            "RADIANCE_ADD_BAND_3": -57.36269, 
            "RADIANCE_ADD_BAND_2": -62.24983, 
            "RADIANCE_ADD_BAND_5": -29.60092, 
            "RADIANCE_ADD_BAND_4": -48.37145, 
            "RADIANCE_ADD_BAND_7": -2.48121, 
            "RADIANCE_ADD_BAND_6": -7.36148, 
            "REFLECTANCE_MULT_BAND_9": 2e-05, 
            "REFLECTANCE_MULT_BAND_8": 2e-05, 
            "REFLECTANCE_MULT_BAND_1": 2e-05, 
            "REFLECTANCE_MULT_BAND_3": 2e-05, 
            "REFLECTANCE_MULT_BAND_2": 2e-05, 
            "REFLECTANCE_MULT_BAND_5": 2e-05, 
            "REFLECTANCE_MULT_BAND_4": 2e-05, 
            "REFLECTANCE_MULT_BAND_7": 2e-05, 
            "REFLECTANCE_MULT_BAND_6": 2e-05, 
            "REFLECTANCE_ADD_BAND_7": -0.1, 
            "REFLECTANCE_ADD_BAND_5": -0.1, 
            "REFLECTANCE_ADD_BAND_4": -0.1, 
            "RADIANCE_ADD_BAND_11": 0.1, 
            "RADIANCE_ADD_BAND_10": 0.1, 
            "REFLECTANCE_ADD_BAND_3": -0.1, 
            "REFLECTANCE_ADD_BAND_2": -0.1, 
            "REFLECTANCE_ADD_BAND_1": -0.1
        }, 
        "PRODUCT_METADATA": {
            "PANCHROMATIC_LINES": 15981, 
            "NADIR_OFFNADIR": "NADIR", 
            "DATA_TYPE": "L1T", 
            "CORNER_LR_LAT_PRODUCT": 34.98081, 
            "SCENE_CENTER_TIME": "15:47:13.0410980Z", 
            "CORNER_LR_PROJECTION_Y_PRODUCT": 3871800.0, 
            "CORNER_LL_PROJECTION_X_PRODUCT": 137400.0, 
            "FILE_NAME_BAND_QUALITY": "LC80150352016200LGN00_BQA.TIF", 
            "CORNER_UR_PROJECTION_Y_PRODUCT": 4111500.0, 
            "CORNER_LL_PROJECTION_Y_PRODUCT": 3871800.0, 
            "TARGET_WRS_ROW": 35, 
            "BPF_NAME_TIRS": "LT8BPF20160707083823_20160707085159.01", 
            "THERMAL_LINES": 7991, 
            "CORNER_LR_PROJECTION_X_PRODUCT": 372900.0, 
            "FILE_NAME_BAND_3": "LC80150352016200LGN00_B3.TIF", 
            "CORNER_LL_LAT_PRODUCT": 34.9239, 
            "FILE_NAME_BAND_1": "LC80150352016200LGN00_B1.TIF", 
            "REFLECTIVE_LINES": 7991, 
            "FILE_NAME_BAND_7": "LC80150352016200LGN00_B7.TIF", 
            "FILE_NAME_BAND_6": "LC80150352016200LGN00_B6.TIF", 
            "FILE_NAME_BAND_5": "LC80150352016200LGN00_B5.TIF", 
            "FILE_NAME_BAND_4": "LC80150352016200LGN00_B4.TIF", 
            "FILE_NAME_BAND_9": "LC80150352016200LGN00_B9.TIF", 
            "FILE_NAME_BAND_8": "LC80150352016200LGN00_B8.TIF", 
            "SPACECRAFT_ID": "LANDSAT_8", 
            "ELEVATION_SOURCE": "GLS2000", 
            "CPF_NAME": "L8CPF20160701_20160930.01", 
            "CORNER_UR_LON_PRODUCT": -76.43108, 
            "FILE_NAME_BAND_11": "LC80150352016200LGN00_B11.TIF", 
            "CORNER_LR_LON_PRODUCT": -76.39248, 
            "CORNER_UL_PROJECTION_X_PRODUCT": 137400.0, 
            "PANCHROMATIC_SAMPLES": 15701, 
            "SENSOR_ID": "OLI_TIRS", 
            "FILE_NAME_BAND_2": "LC80150352016200LGN00_B2.TIF", 
            "WRS_PATH": 15, 
            "OUTPUT_FORMAT": "GEOTIFF", 
            "FILE_NAME_BAND_10": "LC80150352016200LGN00_B10.TIF", 
            "WRS_ROW": 35, 
            "CORNER_UL_PROJECTION_Y_PRODUCT": 4111500.0, 
            "BPF_NAME_OLI": "LO8BPF20160718153215_20160718155543.01", 
            "TARGET_WRS_PATH": 15, 
            "CORNER_UL_LON_PRODUCT": -79.07857, 
            "THERMAL_SAMPLES": 7851, 
            "METADATA_FILE_NAME": "LC80150352016200LGN00_MTL.txt", 
            "REFLECTIVE_SAMPLES": 7851, 
            "CORNER_UR_PROJECTION_X_PRODUCT": 372900.0, 
            "RLUT_FILE_NAME": "L8RLUT20150303_20431231v11.h5", 
            "CORNER_UL_LAT_PRODUCT": 37.07968, 
            "CORNER_UR_LAT_PRODUCT": 37.14125, 
            "CORNER_LL_LON_PRODUCT": -78.96885, 
            "DATE_ACQUIRED": "2016-07-18"
        }, 
        "PROJECTION_PARAMETERS": {
            "UTM_ZONE": 18, 
            "GRID_CELL_SIZE_REFLECTIVE": 30.0, 
            "MAP_PROJECTION": "UTM", 
            "ORIENTATION": "NORTH_UP", 
            "ELLIPSOID": "WGS84", 
            "GRID_CELL_SIZE_THERMAL": 30.0, 
            "DATUM": "WGS84", 
            "GRID_CELL_SIZE_PANCHROMATIC": 15.0, 
            "RESAMPLING_OPTION": "CUBIC_CONVOLUTION"
        }, 
        "METADATA_FILE_INFO": {
            "ORIGIN": "Image courtesy of the U.S. Geological Survey", 
            "LANDSAT_SCENE_ID": "LC80150352016200LGN00", 
            "PROCESSING_SOFTWARE_VERSION": "LPGS_2.6.2", 
            "FILE_DATE": "2016-07-18T22:13:13Z", 
            "STATION_ID": "LGN", 
            "REQUEST_ID": "0501607181067_00023"
        }, 
        "MIN_MAX_PIXEL_VALUE": {
            "QUANTIZE_CAL_MAX_BAND_5": 65535, 
            "QUANTIZE_CAL_MAX_BAND_4": 65535, 
            "QUANTIZE_CAL_MAX_BAND_7": 65535, 
            "QUANTIZE_CAL_MAX_BAND_6": 65535, 
            "QUANTIZE_CAL_MAX_BAND_1": 65535, 
            "QUANTIZE_CAL_MAX_BAND_3": 65535, 
            "QUANTIZE_CAL_MAX_BAND_2": 65535, 
            "QUANTIZE_CAL_MAX_BAND_9": 65535, 
            "QUANTIZE_CAL_MAX_BAND_8": 65535, 
            "QUANTIZE_CAL_MIN_BAND_9": 1, 
            "QUANTIZE_CAL_MIN_BAND_8": 1, 
            "QUANTIZE_CAL_MIN_BAND_7": 1, 
            "QUANTIZE_CAL_MIN_BAND_6": 1, 
            "QUANTIZE_CAL_MIN_BAND_5": 1, 
            "QUANTIZE_CAL_MIN_BAND_4": 1, 
            "QUANTIZE_CAL_MIN_BAND_3": 1, 
            "QUANTIZE_CAL_MIN_BAND_2": 1, 
            "QUANTIZE_CAL_MIN_BAND_1": 1, 
            "QUANTIZE_CAL_MIN_BAND_11": 1, 
            "QUANTIZE_CAL_MIN_BAND_10": 1, 
            "QUANTIZE_CAL_MAX_BAND_11": 65535, 
            "QUANTIZE_CAL_MAX_BAND_10": 65535
        }, 
        "MIN_MAX_RADIANCE": {
            "RADIANCE_MINIMUM_BAND_6": -7.36001, 
            "RADIANCE_MINIMUM_BAND_7": -2.48072, 
            "RADIANCE_MINIMUM_BAND_4": -48.36178, 
            "RADIANCE_MINIMUM_BAND_5": -29.595, 
            "RADIANCE_MINIMUM_BAND_2": -62.23738, 
            "RADIANCE_MINIMUM_BAND_3": -57.35122, 
            "RADIANCE_MINIMUM_BAND_1": -60.77797, 
            "RADIANCE_MINIMUM_BAND_8": -54.73222, 
            "RADIANCE_MINIMUM_BAND_9": -11.5664, 
            "RADIANCE_MINIMUM_BAND_10": 0.10033, 
            "RADIANCE_MINIMUM_BAND_11": 0.10033, 
            "RADIANCE_MAXIMUM_BAND_10": 22.0018, 
            "RADIANCE_MAXIMUM_BAND_11": 22.0018, 
            "RADIANCE_MAXIMUM_BAND_8": 662.77557, 
            "RADIANCE_MAXIMUM_BAND_9": 140.06236, 
            "RADIANCE_MAXIMUM_BAND_1": 735.98608, 
            "RADIANCE_MAXIMUM_BAND_2": 753.65875, 
            "RADIANCE_MAXIMUM_BAND_3": 694.49011, 
            "RADIANCE_MAXIMUM_BAND_4": 585.63318, 
            "RADIANCE_MAXIMUM_BAND_5": 358.3783, 
            "RADIANCE_MAXIMUM_BAND_6": 89.12542, 
            "RADIANCE_MAXIMUM_BAND_7": 30.04004
        }, 
        "MIN_MAX_REFLECTANCE": {
            "REFLECTANCE_MAXIMUM_BAND_8": 1.2107, 
            "REFLECTANCE_MINIMUM_BAND_8": -0.09998, 
            "REFLECTANCE_MAXIMUM_BAND_9": 1.2107, 
            "REFLECTANCE_MINIMUM_BAND_9": -0.09998, 
            "REFLECTANCE_MINIMUM_BAND_4": -0.09998, 
            "REFLECTANCE_MINIMUM_BAND_5": -0.09998, 
            "REFLECTANCE_MINIMUM_BAND_6": -0.09998, 
            "REFLECTANCE_MINIMUM_BAND_7": -0.09998, 
            "REFLECTANCE_MINIMUM_BAND_1": -0.09998, 
            "REFLECTANCE_MINIMUM_BAND_2": -0.09998, 
            "REFLECTANCE_MINIMUM_BAND_3": -0.09998, 
            "REFLECTANCE_MAXIMUM_BAND_6": 1.2107, 
            "REFLECTANCE_MAXIMUM_BAND_7": 1.2107, 
            "REFLECTANCE_MAXIMUM_BAND_4": 1.2107, 
            "REFLECTANCE_MAXIMUM_BAND_5": 1.2107, 
            "REFLECTANCE_MAXIMUM_BAND_2": 1.2107, 
            "REFLECTANCE_MAXIMUM_BAND_3": 1.2107, 
            "REFLECTANCE_MAXIMUM_BAND_1": 1.2107
        }
    }
}