{
    "L1_METADATA_FILE": {
        "IMAGE_ATTRIBUTES": {
            "GROUND_CONTROL_POINTS_VERIFY": 70, 
            "GROUND_CONTROL_POINTS_VERSION": 4, 
            "EARTH_SUN_DISTANCE": 1.0159237, 
            "GEOMETRIC_RMSE_MODEL": 6.774, 
            "CLOUD_COVER": 51.91, 
            "IMAGE_QUALITY_TIRS": 9, 
            "SUN_AZIMUTH": 118.88859585, 
            "GEOMETRIC_RMSE_VERIFY": 4.638, 
            "SUN_ELEVATION": 67.75096798, 
            "TIRS_SSM_POSITION_STATUS": "ESTIMATED", 
            "ROLL_ANGLE": -0.001, 
            "CLOUD_COVER_LAND": 51.84, 
            "GROUND_CONTROL_POINTS_MODEL": 176, 
            "GEOMETRIC_RMSE_MODEL_X": 5.034, 
            "GEOMETRIC_RMSE_MODEL_Y": 4.533, 
            "TIRS_SSM_MODEL": "FINAL", 
            "IMAGE_QUALITY_OLI": 9
        }, 
        "TIRS_THERMAL_CONSTANTS": {
            "K2_CONSTANT_BAND_10": 1321.0789, 
            "K2_CONSTANT_BAND_11": 1201.1442, 
            "K1_CONSTANT_BAND_10": 774.8853, 
            "K1_CONSTANT_BAND_11": 480.8883
        }, 
        "RADIOMETRIC_RESCALING": {
            "RADIANCE_MULT_BAND_7": 0.00049654, 
            "RADIANCE_MULT_BAND_6": 0.0014732, 
            "RADIANCE_MULT_BAND_5": 0.0059237, 
            "RADIANCE_MULT_BAND_4": 0.00968, 
            "RADIANCE_MULT_BAND_3": 0.011479, 
            "RADIANCE_MULT_BAND_2": 0.012457, 
            "RADIANCE_MULT_BAND_1": 0.012165, 
            "RADIANCE_MULT_BAND_9": 0.0023151, 
            "RADIANCE_MULT_BAND_8": 0.010955, 
            "RADIANCE_ADD_BAND_9": -11.57557, 
            "RADIANCE_ADD_BAND_8": -54.77565, 
            "RADIANCE_MULT_BAND_11": 0.0003342, 
            "RADIANCE_MULT_BAND_10": 0.0003342, 
            "REFLECTANCE_ADD_BAND_9": -0.1, 
            "REFLECTANCE_ADD_BAND_8": -0.1, 
            "RADIANCE_ADD_BAND_1": -60.8262, 
            "REFLECTANCE_ADD_BAND_6": -0.1, 
            "RADIANCE_ADD_BAND_3": -57.39672, 
            "RADIANCE_ADD_BAND_2": -62.28677, 
            "RADIANCE_ADD_BAND_5": -29.61848, 
            "RADIANCE_ADD_BAND_4": -48.40015, 
            "RADIANCE_ADD_BAND_7": -2.48268, 
            "RADIANCE_ADD_BAND_6": -7.36585, 
            "REFLECTANCE_MULT_BAND_9": 2e-05, 
            "REFLECTANCE_MULT_BAND_8": 2e-05, 
            "REFLECTANCE_MULT_BAND_1": 2e-05, 
            "REFLECTANCE_MULT_BAND_3": 2e-05, 
            "REFLECTANCE_MULT_BAND_2": 2e-05, 
            "REFLECTANCE_MULT_BAND_5": 2e-05, 
            "REFLECTANCE_MULT_BAND_4": 2e-05, 
            "REFLECTANCE_MULT_BAND_7": 2e-05, 
            "REFLECTANCE_MULT_BAND_6": 2e-05, 
            "REFLECTANCE_ADD_BAND_7": -0.1, 
            "REFLECTANCE_ADD_BAND_5": -0.1, 
            "REFLECTANCE_ADD_BAND_4": -0.1, 
            "RADIANCE_ADD_BAND_11": 0.1, 
            "RADIANCE_ADD_BAND_10": 0.1, 
            "REFLECTANCE_ADD_BAND_3": -0.1, 
            "REFLECTANCE_ADD_BAND_2": -0.1, 
            "REFLECTANCE_ADD_BAND_1": -0.1
        }, 
        "PRODUCT_METADATA": {
            "PANCHROMATIC_LINES": 15981, 
            "NADIR_OFFNADIR": "NADIR", 
            "DATA_TYPE": "L1T", 
            "CORNER_LR_LAT_PRODUCT": 34.98099, 
            "SCENE_CENTER_TIME": "15:46:56.5796190Z", 
            "CORNER_LR_PROJECTION_Y_PRODUCT": 3871800.0, 
            "CORNER_LL_PROJECTION_X_PRODUCT": 138900.0, 
            "FILE_NAME_BAND_QUALITY": "LC80150352016168LGN00_BQA.TIF", 
            "CORNER_UR_PROJECTION_Y_PRODUCT": 4111500.0, 
            "CORNER_LL_PROJECTION_Y_PRODUCT": 3871800.0, 
            "TARGET_WRS_ROW": 35, 
            "BPF_NAME_TIRS": "LT8BPF20160606063351_20160620173313.01", 
            "THERMAL_LINES": 7991, 
            "CORNER_LR_PROJECTION_X_PRODUCT": 374400.0, 
            "FILE_NAME_BAND_3": "LC80150352016168LGN00_B3.TIF", 
            "CORNER_LL_LAT_PRODUCT": 34.92443, 
            "FILE_NAME_BAND_1": "LC80150352016168LGN00_B1.TIF", 
            "REFLECTIVE_LINES": 7991, 
            "FILE_NAME_BAND_7": "LC80150352016168LGN00_B7.TIF", 
            "FILE_NAME_BAND_6": "LC80150352016168LGN00_B6.TIF", 
            "FILE_NAME_BAND_5": "LC80150352016168LGN00_B5.TIF", 
            "FILE_NAME_BAND_4": "LC80150352016168LGN00_B4.TIF", 
            "FILE_NAME_BAND_9": "LC80150352016168LGN00_B9.TIF", 
            "FILE_NAME_BAND_8": "LC80150352016168LGN00_B8.TIF", 
            "SPACECRAFT_ID": "LANDSAT_8", 
            "ELEVATION_SOURCE": "GLS2000", 
            "CPF_NAME": "L8CPF20160401_20160630.03", 
            "CORNER_UR_LON_PRODUCT": -76.4142, 
            "FILE_NAME_BAND_11": "LC80150352016168LGN00_B11.TIF", 
            "CORNER_LR_LON_PRODUCT": -76.37605, 
            "CORNER_UL_PROJECTION_X_PRODUCT": 138900.0, 
            "PANCHROMATIC_SAMPLES": 15701, 
            "SENSOR_ID": "OLI_TIRS", 
            "FILE_NAME_BAND_2": "LC80150352016168LGN00_B2.TIF", 
            "WRS_PATH": 15, 
            "OUTPUT_FORMAT": "GEOTIFF", 
            "FILE_NAME_BAND_10": "LC80150352016168LGN00_B10.TIF", 
            "WRS_ROW": 35, 
            "CORNER_UL_PROJECTION_Y_PRODUCT": 4111500.0, 
            "BPF_NAME_OLI": "LO8BPF20160616153844_20160616155526.02", 
            "TARGET_WRS_PATH": 15, 
            "CORNER_UL_LON_PRODUCT": -79.06173, 
            "THERMAL_SAMPLES": 7851, 
            "METADATA_FILE_NAME": "LC80150352016168LGN00_MTL.txt", 
            "REFLECTIVE_SAMPLES": 7851, 
            "CORNER_UR_PROJECTION_X_PRODUCT": 374400.0, 
            "RLUT_FILE_NAME": "L8RLUT20150303_20431231v11.h5", 
            "CORNER_UL_LAT_PRODUCT": 37.08026, 
            "CORNER_UR_LAT_PRODUCT": 37.14145, 
            "CORNER_LL_LON_PRODUCT": -78.95247, 
            "DATE_ACQUIRED": "2016-06-16"
        }, 
        "PROJECTION_PARAMETERS": {
            "UTM_ZONE": 18, 
            "GRID_CELL_SIZE_REFLECTIVE": 30.0, 
            "MAP_PROJECTION": "UTM", 
            "ORIENTATION": "NORTH_UP", 
            "ELLIPSOID": "WGS84", 
            "GRID_CELL_SIZE_THERMAL": 30.0, 
            "DATUM": "WGS84", 
            "GRID_CELL_SIZE_PANCHROMATIC": 15.0, 
            "RESAMPLING_OPTION": "CUBIC_CONVOLUTION"
        }, 
        "METADATA_FILE_INFO": {
            "ORIGIN": "Image courtesy of the U.S. Geological Survey", 
            "LANDSAT_SCENE_ID": "LC80150352016168LGN00", 
            "PROCESSING_SOFTWARE_VERSION": "LPGS_2.6.2", 
            "FILE_DATE": "2016-06-22T23:29:14Z", 
            "STATION_ID": "LGN", 
            "REQUEST_ID": "0701606228747_00020"
        }, 
        "MIN_MAX_PIXEL_VALUE": {
            "QUANTIZE_CAL_MAX_BAND_5": 65535, 
            "QUANTIZE_CAL_MAX_BAND_4": 65535, 
            "QUANTIZE_CAL_MAX_BAND_7": 65535, 
            "QUANTIZE_CAL_MAX_BAND_6": 65535, 
            "QUANTIZE_CAL_MAX_BAND_1": 65535, 
            "QUANTIZE_CAL_MAX_BAND_3": 65535, 
            "QUANTIZE_CAL_MAX_BAND_2": 65535, 
            "QUANTIZE_CAL_MAX_BAND_9": 65535, 
            "QUANTIZE_CAL_MAX_BAND_8": 65535, 
            "QUANTIZE_CAL_MIN_BAND_9": 1, 
            "QUANTIZE_CAL_MIN_BAND_8": 1, 
            "QUANTIZE_CAL_MIN_BAND_7": 1, 
            "QUANTIZE_CAL_MIN_BAND_6": 1, 
            "QUANTIZE_CAL_MIN_BAND_5": 1, 
            "QUANTIZE_CAL_MIN_BAND_4": 1, 
            "QUANTIZE_CAL_MIN_BAND_3": 1, 
            "QUANTIZE_CAL_MIN_BAND_2": 1, 
            "QUANTIZE_CAL_MIN_BAND_1": 1, 
            "QUANTIZE_CAL_MIN_BAND_11": 1, 
            "QUANTIZE_CAL_MIN_BAND_10": 1, 
            "QUANTIZE_CAL_MAX_BAND_11": 65535, 
            "QUANTIZE_CAL_MAX_BAND_10": 65535
        }, 
        "MIN_MAX_RADIANCE": {
            "RADIANCE_MINIMUM_BAND_6": -7.36437, 
            "RADIANCE_MINIMUM_BAND_7": -2.48219, 
            "RADIANCE_MINIMUM_BAND_4": -48.39047, 
            "RADIANCE_MINIMUM_BAND_5": -29.61255, 
            "RADIANCE_MINIMUM_BAND_2": -62.27431, 
            "RADIANCE_MINIMUM_BAND_3": -57.38524, 
            "RADIANCE_MINIMUM_BAND_1": -60.81403, 
            "RADIANCE_MINIMUM_BAND_8": -54.76469, 
            "RADIANCE_MINIMUM_BAND_9": -11.57326, 
            "RADIANCE_MINIMUM_BAND_10": 0.10033, 
            "RADIANCE_MINIMUM_BAND_11": 0.10033, 
            "RADIANCE_MAXIMUM_BAND_10": 22.0018, 
            "RADIANCE_MAXIMUM_BAND_11": 22.0018, 
            "RADIANCE_MAXIMUM_BAND_8": 663.16876, 
            "RADIANCE_MAXIMUM_BAND_9": 140.14546, 
            "RADIANCE_MAXIMUM_BAND_1": 736.42273, 
            "RADIANCE_MAXIMUM_BAND_2": 754.1059, 
            "RADIANCE_MAXIMUM_BAND_3": 694.9021, 
            "RADIANCE_MAXIMUM_BAND_4": 585.98059, 
            "RADIANCE_MAXIMUM_BAND_5": 358.59091, 
            "RADIANCE_MAXIMUM_BAND_6": 89.1783, 
            "RADIANCE_MAXIMUM_BAND_7": 30.05786
        }, 
        "MIN_MAX_REFLECTANCE": {
            "REFLECTANCE_MAXIMUM_BAND_8": 1.2107, 
            "REFLECTANCE_MINIMUM_BAND_8": -0.09998, 
            "REFLECTANCE_MAXIMUM_BAND_9": 1.2107, 
            "REFLECTANCE_MINIMUM_BAND_9": -0.09998, 
            "REFLECTANCE_MINIMUM_BAND_4": -0.09998, 
            "REFLECTANCE_MINIMUM_BAND_5": -0.09998, 
            "REFLECTANCE_MINIMUM_BAND_6": -0.09998, 
            "REFLECTANCE_MINIMUM_BAND_7": -0.09998, 
            "REFLECTANCE_MINIMUM_BAND_1": -0.09998, 
            "REFLECTANCE_MINIMUM_BAND_2": -0.09998, 
            "REFLECTANCE_MINIMUM_BAND_3": -0.09998, 
            "REFLECTANCE_MAXIMUM_BAND_6": 1.2107, 
            "REFLECTANCE_MAXIMUM_BAND_7": 1.2107, 
            "REFLECTANCE_MAXIMUM_BAND_4": 1.2107, 
            "REFLECTANCE_MAXIMUM_BAND_5": 1.2107, 
            "REFLECTANCE_MAXIMUM_BAND_2": 1.2107, 
            "REFLECTANCE_MAXIMUM_BAND_3": 1.2107, 
            "REFLECTANCE_MAXIMUM_BAND_1": 1.2107
        }
    }
}